{
  "id": "sheet-o-scope",
  "title": "Sheet-o-scope",
  "description": "sdfsdf",
  "version": "0.2.0",
  "url": "https://github.com/andrey-p/fvtt-sheet-o-scope/",
  "manifest": "https://raw.githubusercontent.com/andrey-p/fvtt-sheet-o-scope/main/dist/module.json",
  "download": "https://raw.githubusercontent.com/andrey-p/fvtt-sheet-o-scope/main/dist/sheet-o-scope.zip",
  "authors": [{ "name": "Andrey P" }],
  "esmodules": ["./sheet-o-scope.js"],
  "styles": ["./sheet-o-scope.css"],
  "socket": true,
  "languages": [
    {
      "lang": "en",
      "name": "English",
      "path": "lang/en.json"
    }
  ],
  "relationships": {
    "requires": [
      {
        "id": "lib-wrapper",
        "type": "module",
        "compatibility": {
          "minimum": "1.0.0.0",
          "verified": "1.12.14.0"
        }
      }
    ]
  },
  "compatibility": {
    "minimum": "12",
    "verified": "12"
  }
}
